﻿Post number,قسم,الموضوع,النص,المرفق,Attachment caption,الكاتب,تم الإنشاء عند,تم التحديث في
1,القسم 1,اجمل مطاعم الاحساء,"


نهتم بـ مطاعم الاحساء و مقاهي و كوفيهات الاحساء ومحلات المأكولات والحلويات بجميع انواعها في "" الأحساء "".. 🍴
للتواصل:
مطاعم الاحساء فيس بوك
مطاعم الاحساء انستقرام
سناب مطاعم الاحساء

مطاعم الاحساء انستقرام",https://padlet.com/alsultan1/padlet-f2aupa2yys8324v/wish/2855241154,,alsultan1,2024-01-20 02:13:43 UTC,2024-01-20 02:20:59 UTC
2,قسم 2%,"","",https://www.instagram.com/alahssafood/,,alsultan1,2024-01-20 02:18:41 UTC,2024-01-20 02:18:41 UTC
3,قسم 3%,alahssafood,"",https://www.instagram.com/alahssafood/,,alsultan1,2024-01-20 02:20:09 UTC,2024-01-20 02:20:09 UTC
4,قسم 3%,"","",https://www.facebook.com/alahssafood/,,alsultan1,2024-01-20 02:23:12 UTC,2024-01-20 02:23:12 UTC
5,قسم 3%,بوفيهات الاحساء,"",https://www.instagram.com/p/Cq0UuSXNGWZ/,,alsultan1,2024-01-20 02:24:24 UTC,2024-01-20 02:24:24 UTC
